Dept,CourseName,Instructor
AFAM,African and African American Studies Capstone,Pamela Feldman-Savelsberg
AFAM,Integrative Exercise,Staff
AFAM,Schooling and Opportunity in American Society,Anita Chikkatur
AFAM,West Africa in the Era of the Slave Trade,Thabiti Willis
AFAM,African in the Arab World,Thabiti Willis
AFAM,U.S. Relations with Ghana: The Field Trip and Beyond,Harry Williams
AFAM,Ethnic Drumming Instruction (Juried),Jay Johnson
AFAM,West African Drum Ensemble,Jay Johnson
AFAM,African Drum Class,Jay Johnson
AFAM,Politics in America: Liberty and Equality,Steven Schier
AFAM,Urban Political Economy,Richard Keiser
AFAM,Urban Political Economy*,Richard Keiser
AFAM,Psychology of Prejudice,Sharon Akimoto
AFAM,Race and Ethnicity in the United States,Liz Raleigh
AFAM,Introduction to Women's and Gender Studies,Annette Igra
AMMU,America's Music,Melinda Russell
AMMU,Music Theory II,Justin London
AMMU,Introduction to Anthropology,Constanza Ocampo-Raeder
AMMU,Introduction to Sociology,Brian Fuller
AMMU,Social Movements,Daniel Williams
AMMU,Race and Ethnicity in the United States,Liz Raleigh
AMMU,Immigration and Immigrants in Europe and the United States,Daniel Williams
AMMU,Introduction to Women's and Gender Studies,Annette Igra
AMST,American Food?,Audrey Russek
AMST,Unseen Evidence: Images and the Archive in American Studies,Audrey Russek
AMST,Theory and Practice of American Studies,Adriana Estill
AMST,Integrative Exercise,Staff
AMST,Seminar in Developmental Psychology: Cognitive Development During the Preschool Years,Kathleen Galotti
AMST,The Economics of Sports,Mark Kanazawa
AMST,Economics of Natural Resources and the Environment,Aaron Swoboda
AMST,Labor Economics,Jenny Bourne
AMST,The History of American School Reform,Jeff Snyder
AMST,Schooling and Opportunity in American Society,Anita Chikkatur
AMST,Introduction to U.S. Latino/a Literature,Adriana Estill
AMST,The City in American Literature,Nancy Cho
AMST,The Age of Jefferson,Serena Zabin
AMST,American Cities and Nature,George Vrtis
AMST,America's Music,Melinda Russell
AMST,Politics in America: Liberty and Equality,Steven Schier
AMST,Environmental Justice,Kimberly Smith
AMST,American Foreign Policy,Steven Schier
AMST,Psychology of Prejudice,Sharon Akimoto
AMST,Native American Religious Freedom,Michael McNally
AMST,Modern Families: An Introduction to the Sociology of the Family,Liz Raleigh
AMST,Social Movements,Daniel Williams
AMST,Race and Ethnicity in the United States,Liz Raleigh
AMST,Immigration and Immigrants in Europe and the United States,Daniel Williams
ARBC,Elementary Arabic,Zaki Haidar
ARBC,Intermediate Arabic,Yaron Klein
ARBC,Narratives of Arab Modernity,Zaki Haidar
ARCN,The Archaeology of Mediterranean Prehistory: From the Beginning to the Classical Age,Alex Knodell
ARCN,Climate Change in Geology,Clinton Cowan
ARCN,Introduction to Anthropology,Constanza Ocampo-Raeder
ARTH,Introduction to Art History II,"Baird Jarman, Jessica Keating"
ARTH,Chinese Art and Culture,Kathleen Ryor
ARTH,Seminar for Art History Majors,Baird Jarman
ARTH,Theories of Postmodernism,Ross Elfline
ARTH,Integrative Exercise,Staff
ASST,Integrative Exercise,Kathleen Ryor
ASST,Chinese Art and Culture,Kathleen Ryor
ASST,Seminar for Art History Majors,Baird Jarman
ASST,Elementary Chinese,"Mark Hansell, Faye Merritt"
ASST,Elementary Chinese,"Mark Hansell, Faye Merritt"
ASST,Intermediate Chinese,Qiguang Zhao
ASST,Intermediate Chinese,Faye Merritt
ASST,Chinese Popular Culture,Shaohua Guo
ASST,Advanced Chinese: Poems and Stories,Qiguang Zhao
ASST,Modern Indian Fiction,Arnab Chakladar
ASST,"History Workshop: The Chinese Cultural Revolution, 1966-76",Seungjoo Yoon
ASST,Elementary Japanese,"Noboru Tomonari, Mariko Kaga"
ASST,Elementary Japanese,"Mariko Kaga, Noboru Tomonari"
ASST,Intermediate Japanese,Kathryn Sparling
ASST,World of Japanese Manga in Translation,Noboru Tomonari
ASST,Advanced Reading in Modern Japanese Literature: The Short Story,Kathryn Sparling
ASST,"Introduction to Critical Methods: Structure, Gender, Culture",Scott Carpenter
ASST,Raga: Vocal or Instrumental Study of Hindustani Music,David Whetstone
ASST,Raga: Vocal or Instrumental Study of Hindustani Music,David Whetstone
ASST,Sitar,David Whetstone
ASST,Sitar (Juried),David Whetstone
ASST,Chinese Musical Instruments,Gao Hong
ASST,Chinese Musical Instruments (Juried),Gao Hong
ASST,Raga: Vocal or Instrumental Study of Hindustani Music,David Whetstone
ASST,Raga:Voc/Instr Study Hindustani (Juried),David Whetstone
ASST,Sitar,David Whetstone
ASST,Sitar (Juried),David Whetstone
ASST,Chinese Musical Instruments,Gao Hong
ASST,Chinese Musical Instruments (Juried),Gao Hong
ASST,International Relations and World Politics,Hicham Bou Nassif
ASST,Methods of Political Research,Greg Marfleet
ASST,Political Economy &amp; Ecology of Southeast Asia: Social Changes in Southeast Asia,Tun Myint
ASST,Political Econ &amp; Ecology of S.E. Asia: Diversity of Social Ecological Systems in Southeast Asia,Tun Myint
ASST,Political Economy &amp; Ecology of Southeast Asia: Field Research Experiences and Methods,Tun Myint
ASST,Introduction to Islam,Noah Salomon
ASST,"Tantra: Secrecy, Sex, and the Sublime",Roger Jackson
ASST,Samurai: Ethics of Death and Loyalty,Asuka Sango
ASST,Theories and Methods in the Study of Religion,Michael McNally
ASST,Spirit Possession,Kristin Bloomer
ASTR,Introduction to Astronomy,Cindy Blaha
BIOL,Human Reproduction and Sexuality,Matt Rand
BIOL,"Genes, Evolution, and Development","Mark McKone, Stephan Zweifel"
BIOL,Genes &amp; Evolution Lab,Jalean Petricka
BIOL,Genes &amp; Evolution Lab,Stephan Zweifel
BIOL,Genes &amp; Evolution Lab,Stephan Zweifel
BIOL,Genes &amp; Evolution Lab,Sarah Deel
BIOL,Genes &amp; Evolution Lab,Sarah Deel
BIOL,Energy Flow in Biological Systems,"Raka Mitra, David Hougen-Eitzman"
BIOL,Energy Flow Biol Sys Lab,David Hougen-Eitzman
BIOL,Energy Flow Biol Sys Lab,Jalean Petricka
BIOL,Energy Flow Biol Sys Lab,Raka Mitra
BIOL,Energy Flow Biol Sys Lab,Andrea Kalis
BIOL,Global Change Biology,Daniel Hernandez
BIOL,Australia Program: Ecological Field Research,Annie Bosacker
BIOL,Genetics,Jennifer Wolff
BIOL,Genetics Laboratory,Jennifer Wolff
BIOL,Genetics Laboratory,Jennifer Wolff
BIOL,Australia Program: Marine Ecology,Annie Bosacker
BIOL,"Australia Program: Learning Country, Culture and Environment in Australia",Annie Bosacker
BIOL,Immunology,Debby Walser-Kuntz
BIOL,Immunology Laboratory,Debby Walser-Kuntz
BIOL,Human Physiology,Bridget Jacques-Fricke
BIOL,Human Physiology Laboratory,Bridget Jacques-Fricke
BIOL,Human Physiology Laboratory,Bridget Jacques-Fricke
BIOL,Seminar: Evolution of Sex and Sexes,Mark McKone
BIOL,Seminar: The Molecular Basis of Human Disease,Jalean Petricka
BIOL,Seminar: Evo-Devo; Evolutionary Developmental Biology,Andrea Kalis
BIOL,Critical Reading and Analysis of Primary Literature,Staff
BIOL,Integrative Exercise,"Staff, Mark McKone"
BIOL,Integrative Exercise,"Staff, Mark McKone"
CHEM,Principles of Chemistry,Chris Calderone
CHEM,Principles of Chemistry,Daniela Kohen
CHEM,Principles of Chemistry Lab,Chris Calderone
CHEM,Principles of Chemistry Lab,Daniela Kohen
CHEM,Principles of Chemistry Lab,Chris Calderone
CHEM,Organic Chemistry I,David Alberg
CHEM,Organic Chemistry I Lab,David Alberg
CHEM,Organic Chemistry I Lab,David Alberg
CHEM,Organic Chemistry II,Bryan Whiting
CHEM,Organic Chemistry II Lab,Bryan Whiting
CHEM,Organic Chemistry II Lab,Bryan Whiting
CHEM,Quantum Spectroscopy Laboratory,Trish Ferrett
CHEM,Quantum Spectroscopy Laboratory,Trish Ferrett
CHEM,Quantum Spectroscopy Laboratory,Will Hollingsworth
CHEM,Quantum Spectroscopy Laboratory,Will Hollingsworth
CHEM,Quantum Chemistry,Will Hollingsworth
CHEM,Organic Chemistry III,Gretchen Hofmeister
CHEM,Biophysical Chemistry,Ryan Steed
CHEM,Biophysical Chemistry Lab,Ryan Steed
CHEM,Integrative Exercise,Staff
CHEM,Integrative Exercise,Chris Calderone
CHEM,Integrative Exercise,Joe Chihade
CHEM,Integrative Exercise,"Daniela Kohen, Deborah Gross"
CHEM,Integrative Exercise,Will Hollingsworth
CHIN,Elementary Chinese,"Mark Hansell, Faye Merritt"
CHIN,Elementary Chinese,"Mark Hansell, Faye Merritt"
CHIN,Intermediate Chinese,Qiguang Zhao
CHIN,Intermediate Chinese,Faye Merritt
CHIN,Chinese Popular Culture,Shaohua Guo
CHIN,Advanced Chinese: Poems and Stories,Qiguang Zhao
CAMS,Digital Foundations,John Schott
CAMS,Digital Foundations,Rini Keagy
CAMS,Film History I,Carol Donelan
CAMS,Contemporary Global Cinemas,Jay Beck
CAMS,Digital Editing Workshop,Rini Keagy
CAMS,Television Studio Production,Paul Hager
CAMS,Cinema and Cultural Change in Chile and Argentina,Cecilia Cornejo
CAMS,Visual Studies Seminar,John Schott
CAMS,Integrative Exercise,Carol Donelan
CAMS,Integrative Exercise,John Schott
CAMS,Integrative Exercise,Jay Beck
CAMS,Integrative Exercise,Rini Keagy
CAMS,Photography I,Linda Rossi
CAMS,Advanced Photo: Digital Imaging,Linda Rossi
CAMS,"Introduction to Critical Methods: Structure, Gender, Culture",Scott Carpenter
CAMS,Live Performance and Digital Media,Roger Bechtel
CLAS,Introduction to Classical Studies,Chico Zimmerman
CLAS,The Archaeology of Mediterranean Prehistory: From the Beginning to the Classical Age,Alex Knodell
CLAS,Senior Symposium,Chico Zimmerman
CLAS,"Crisis, Creativity, and Transformation in Late Antiquity",William North
CGSC,"Thinking, Reasoning, and Decision Making: Experimental Approaches",Kathleen Galotti
CGSC,Seminar in Developmental Psychology: Cognitive Development During the Preschool Years,Kathleen Galotti
CGSC,Introduction to Computer Science,Jadrian Miles
CGSC,Introduction to Computer Science,Andy Exley
CGSC,Introduction to Computer Science,Amy Csizmar Dalal
CGSC,Computability and Complexity,David Liben-Nowell
CGSC,Artificial Intelligence,Anna Rafferty
CGSC,Generative Approaches to Syntax,Cherlon Ussery
CGSC,First Language Acquisition,Catherine Fortin
CGSC,Topics in Phonology,Ania Lubowicz
CGSC,Logic,Douglas Marshall
CGSC,Analytic Philosophy's Greatest Hits,Jason Decker
CGSC,Sensation and Perception,Julia Strand
CGSC,Cognitive Neuroscience,Julie Neiworth
CS,Introduction to Computer Science,Jadrian Miles
CS,Introduction to Computer Science,Andy Exley
CS,Introduction to Computer Science,Amy Csizmar Dalal
CS,Data Structures,Anna Rafferty
CS,Computer Organization and Architecture,Jeffrey Ondich
CS,Algorithms,David Liben-Nowell
CS,Computability and Complexity,David Liben-Nowell
CS,Artificial Intelligence,Anna Rafferty
CS,Data Mining,David Musicant
CS,Digital Electronics,Andy Exley
CS,Digital Electronics Lab,Andy Exley
CS,Integrative Exercise,Amy Csizmar Dalal
CS,Integrative Exercise,Amy Csizmar Dalal
CS,Integrative Exercise,Amy Csizmar Dalal
CS,Integrative Exercise,Jadrian Miles
CS,Integrative Exercise,Jadrian Miles
CS,Integrative Exercise,Jadrian Miles
CS,Integrative Exercise,Jeffrey Ondich
CS,Integrative Exercise,Jeffrey Ondich
CS,Integrative Exercise,Jeffrey Ondich
CS,Integrative Exercise,David Liben-Nowell
CCST,International Coffee and News,Noboru Tomonari
CCST,Creative Travel Writing Workshop,Scott Carpenter
CCST,I'm A Stranger Here Myself,Eva Posfay
CCST,Studio Art Seminar in th South Pacific: The Physical and Cultural Environment,Fred Hagstrom
CCST,Global Change Biology,Daniel Hernandez
CCST,Australia Program: Ecological Field Research,Annie Bosacker
CCST,Schooling and Opportunity in American Society,Anita Chikkatur
CCST,Introduction to U.S. Latino/a Literature,Adriana Estill
CCST,Biodiversity Conservation and Development,Tsegaye Nega
CCST,Topics in Cultural Studies: Cultural Reading of Food,Christine Lac
CCST,The Mande of West Africa: A Tradition of Change,Cherif Keita
CCST,Europe in the Twentieth Century,David Tompkins
CCST,Comparative Political Regimes,Dev Gupta
CCST,Latin American Politics,Alfred Montero
CCST,"Capitalist Crises, Power, and Policy",Kent Freeze
CCST,Psychology of Prejudice,Sharon Akimoto
CCST,Introduction to Christianity,Kristin Bloomer
CCST,Native American Religious Freedom,Michael McNally
CCST,Anthropology of Health and Illness,Pamela Feldman-Savelsberg
CCST,Introduction to Latin American Literature,Silvia Lopez
CCST,Women Writers in Latin America: Body and Text,Becky Boling
CCST,Introduction to Women's and Gender Studies,Annette Igra
CCST,Transnational Feminist Activism,Meera Sehgal
DANC,Ballet I,Jennifer Bader
DANC,Modern Dance I: Technique and Theory,Daphne McCoy
DANC,Contact Improvisation,Jane Shockley
DANC,Modern Dance II: Technique and Theory,Daphne McCoy
DANC,Winter Dance,Judith Howard
DANC,Ballet II,Jennifer Bader
DANC,"Winter Dance, Student Choreography",Judith Howard
DANC,Movement for the Performer,Jane Shockley
DANC,The Body as Choreographer,Judith Howard
DANC,Modern Dance III: Technique and Theory,Jane Shockley
DANC,Semaphore Repertory Dance Company,"Judith Howard, Jane Shockley"
ECON,Principles of Macroeconomics,Bruce Wambheim
ECON,Principles of Macroeconomics,Ben Keefer
ECON,Principles of Macroeconomics,Martha Paas
ECON,Principles of Microeconomics,Mark Kanazawa
ECON,Principles of Microeconomics,Lauren Feiler
ECON,Principles of Microeconomics,Prathi Seneviratne
ECON,Analysis of Microeconomic Development Models,Faress Bhuiyan
ECON,The Economics of Sports,Mark Kanazawa
ECON,"Entrepreneurship, Innovation, and Economic Performance",Bruce Dalgaard
ECON,Health Care Economics,Martha Paas
ECON,Economics of Natural Resources and the Environment,Aaron Swoboda
ECON,Labor Economics,Jenny Bourne
ECON,An Economic History of Financial Crises,Bruce Wambheim
ECON,Intermediate Price Theory,Jenny Bourne
ECON,Intermediate Macro Theory,Ben Keefer
ECON,Integrative Exercise,Lauren Feiler
ECON,Integrative Exercise,Prathi Seneviratne
ECON,Integrative Exercise,Faress Bhuiyan
EDUC,Introduction to Educational Studies,Anita Chikkatur
EDUC,The History of American School Reform,Jeff Snyder
EDUC,Multicultural Education,Jeff Snyder
EDUC,Methods of Teaching Science,Eric Swan McDonald
EDUC,Schooling and Opportunity in American Society,Anita Chikkatur
EDUC,Issues in Science Education: Policy and Praxis,Eric Swan McDonald
EDUC,"Thinking, Reasoning, and Decision Making: Experimental Approaches",Kathleen Galotti
EDUC,Seminar in Developmental Psychology: Cognitive Development During the Preschool Years,Kathleen Galotti
EDUC,Politics in America: Liberty and Equality,Steven Schier
EDUC,Cognitive Neuroscience,Julie Neiworth
EDUC,Psychology of Prejudice,Sharon Akimoto
EDUC,Race and Ethnicity in the United States,Liz Raleigh
ENGL,Introduction to Rhetoric,Peter Balaam
ENGL,Introduction to Poetry,Timothy Raylor
ENGL,Introduction to U.S. Latino/a Literature,Adriana Estill
ENGL,Shakespeare I,Pierre Hecker
ENGL,Introduction to Creative Writing,Gregory Hewett
ENGL,"Neoclassic, Romantic, and Victorian Literature",Jessica Leiman
ENGL,Christopher Marlowe,Pierre Hecker
ENGL,Revenge Tragedy,Pierre Hecker
ENGL,Arts of Oral Presentation,Elizabeth McKinsey
ENGL,Arts of Oral Presentation,Elizabeth McKinsey
ENGL,The Art of Jane Austen,Constance Walker
ENGL,Shakespeare I,Pierre Hecker
ENGL,Irish Literature,Constance Walker
ENGL,Modern Indian Fiction,Arnab Chakladar
ENGL,Short Story Workshop,Gregory Smith
ENGL,Poetry Workshop,Gregory Hewett
ENGL,London Program: Urban Arts,Susan Jaret McKinstry
ENGL,London Program: Urban Field Studies,Susan Jaret McKinstry
ENGL,London Program: Framing Empire,Susan Jaret McKinstry
ENGL,London Program: London Theater,Susan Jaret McKinstry
ENGL,The Rise of the Novel,Jessica Leiman
ENGL,The City in American Literature,Nancy Cho
ENGL,London Program:  Framing Empire,Susan Jaret McKinstry
ENGL,Integrative Exercise,Staff
ENGL,Advanced Chinese: Poems and Stories,Qiguang Zhao
ENGL,Introduction to Classical Studies,Chico Zimmerman
ENGL,"Mystery, Murder, Madness: Crime Stories in German Literature",Lydia Butt
ENGL,Greek Poetry,Johannes (Hans) Wietzke
ENGL,Homer,Johannes (Hans) Wietzke
ENGL,Advanced Reading in Modern Japanese Literature: The Short Story,Kathryn Sparling
ENGL,Making Meaning of the Hebrew Bible,Shana Sippy
ENGL,The Rise of the Russian Novel,Laura Goering
ENGL,Introduction to Latin American Literature,Silvia Lopez
ENGL,Myth and History in Central American Literature,Yansi Perez
ENGL,Women Writers in Latin America: Body and Text,Becky Boling
ENTS,Ethics and Ecology,Kimberly Smith
ENTS,Public Rhetoric and Environmental Science,Carol Rutz
ENTS,Biodiversity Conservation and Development,Tsegaye Nega
ENTS,"Materials Science, Energy, and the Environment",Melissa Eblen-Zayas
ENTS,Integrative Exercise,Staff
ENTS,Studio Art Seminar in the South Pacific: Mixed-Media Drawing,Fred Hagstrom
ENTS,Studio Art Seminar in th South Pacific: The Physical and Cultural Environment,Fred Hagstrom
ENTS,Energy Flow in Biological Systems,"Raka Mitra, David Hougen-Eitzman"
ENTS,Global Change Biology,Daniel Hernandez
ENTS,Australia Program: Marine Ecology,Annie Bosacker
ENTS,Economics of Natural Resources and the Environment,Aaron Swoboda
ENTS,Climate Change in Geology,Clinton Cowan
ENTS,Geology of Energy and Mineral Resources,Cameron Davidson
ENTS,Hydrology,Mary Savina
ENTS,American Cities and Nature,George Vrtis
ENTS,Introduction to Statistics,Katie St. Clair
ENTS,Introduction to Statistics,Dave Watson
ENTS,Applied Regression Analysis,Laura Chihara
ENTS,Environment and the Evolution of Rules: Designing Institutions to Solve Political Problems,Barbara Allen
ENTS,Environmental Justice,Kimberly Smith
ENTS,Political Econ &amp; Ecology of S.E. Asia: Diversity of Social Ecological Systems in Southeast Asia,Tun Myint
ENTS,Native American Religious Freedom,Michael McNally
ENTS,"Mother Earth: Women, Development and the Environment",Constanza Ocampo-Raeder
EUST,Introduction to Art History II,"Baird Jarman, Jessica Keating"
EUST,Theories of Postmodernism,Ross Elfline
EUST,Creative Travel Writing Workshop,Scott Carpenter
EUST,Shakespeare I,Pierre Hecker
EUST,"Neoclassic, Romantic, and Victorian Literature",Jessica Leiman
EUST,Christopher Marlowe,Pierre Hecker
EUST,Revenge Tragedy,Pierre Hecker
EUST,The Art of Jane Austen,Constance Walker
EUST,Shakespeare I,Pierre Hecker
EUST,Irish Literature,Constance Walker
EUST,London Program: Framing Empire,Susan Jaret McKinstry
EUST,London Program: London Theater,Susan Jaret McKinstry
EUST,The Rise of the Novel,Jessica Leiman
EUST,London Program:  Framing Empire,Susan Jaret McKinstry
EUST,Intermediate French,Eva Posfay
EUST,Contemporary Francophone Culture,Cherif Keita
EUST,Topics in Cultural Studies: Cultural Reading of Food,Christine Lac
EUST,The Mande of West Africa: A Tradition of Change,Cherif Keita
EUST,Culture or Barbarity? The German Question,Roger Paas
EUST,"Mystery, Murder, Madness: Crime Stories in German Literature",Lydia Butt
EUST,Europe in the Twentieth Century,David Tompkins
EUST,The Peasants are Revolting! Society and Politics in the Making of Modern France,Susannah Ottaway
EUST,The First World War as Global Phenomenon,David Tompkins
EUST,Baroque and Classical Music,Lawrence Archbold
EUST,Existentialism,Anna Moltchanova
EUST,Comparative Political Regimes,Dev Gupta
EUST,"Capitalist Crises, Power, and Policy",Kent Freeze
EUST,The Rise of the Russian Novel,Laura Goering
EUST,Immigration and Immigrants in Europe and the United States,Daniel Williams
EUST,The Spanish Civil War,Jorge Brioso
FRST,Intermediate French,Eva Posfay
FRST,Contemporary Francophone Culture,Cherif Keita
FRST,Coffee and News,Cherif Keita
FRST,Europe in the Twentieth Century,David Tompkins
FRST,The Peasants are Revolting! Society and Politics in the Making of Modern France,Susannah Ottaway
FRST,"Introduction to Critical Methods: Structure, Gender, Culture",Scott Carpenter
FREN,Elementary French,Stephanie Cox
FREN,Elementary French,Christine Lac
FREN,Elementary French,Stephanie Cox
FREN,Intermediate French,Eva Posfay
FREN,Contemporary Francophone Culture,Cherif Keita
FREN,Coffee and News,Cherif Keita
FREN,Topics in Cultural Studies: Cultural Reading of Food,Christine Lac
FREN,The Mande of West Africa: A Tradition of Change,Cherif Keita
FREN,Integrative Exercise,Staff
FREN,"Introduction to Critical Methods: Structure, Gender, Culture",Scott Carpenter
GEOL,Climate Change in Geology,Clinton Cowan
GEOL,Climate Change Geology Lab,Clinton Cowan
GEOL,Geology of Energy and Mineral Resources,Cameron Davidson
GEOL,Geol of Mineral&amp;Energy Lab,Cameron Davidson
GEOL,Mineralogy,Bereket Haileab
GEOL,Mineralogy Lab,Bereket Haileab
GEOL,Mineralogy Lab,Bereket Haileab
GEOL,Hydrology,Mary Savina
GEOL,Hydrology Laboratory,Mary Savina
GEOL,Structural Geology,Sarah Titus
GEOL,Structural Geology Lab,Sarah Titus
GEOL,Integrative Exercise,Staff
GERM,Elementary German,Roger Paas
GERM,Elementary German,Lydia Butt
GERM,Culture or Barbarity? The German Question,Roger Paas
GERM,"Mystery, Murder, Madness: Crime Stories in German Literature",Lydia Butt
GERM,Integrative Exercise,Staff
GERM,"Introduction to Critical Methods: Structure, Gender, Culture",Scott Carpenter
GRK,Elementary Greek,Rob Hardy
GRK,Greek Poetry,Johannes (Hans) Wietzke
GRK,Homer,Johannes (Hans) Wietzke
HEBR,Elementary Modern Hebrew,"Stacy Beckwith, "
HEBR,Intermediate Modern Hebrew,Stacy Beckwith
HIST,"Crisis, Creativity, and Transformation in Late Antiquity",William North
HIST,Europe in the Twentieth Century,David Tompkins
HIST,Cold War in East Asia,Seungjoo Yoon
HIST,West Africa in the Era of the Slave Trade,Thabiti Willis
HIST,"History Workshop: The Chinese Cultural Revolution, 1966-76",Seungjoo Yoon
HIST,The Age of Jefferson,Serena Zabin
HIST,The Peasants are Revolting! Society and Politics in the Making of Modern France,Susannah Ottaway
HIST,The First World War as Global Phenomenon,David Tompkins
HIST,African in the Arab World,Thabiti Willis
HIST,Junior-year History Colloquium,Harry Williams
HIST,American Cities and Nature,George Vrtis
HIST,U.S. Relations with Ghana: The Field Trip and Beyond,Harry Williams
HIST,Voyages of Understanding,Victoria Morse
HIST,Advanced Historical Writing,Annette Igra
HIST,Advanced Historical Writing,Andrew Fisher
HIST,Integrative Exercise,Staff
HIST,The Archaeology of Mediterranean Prehistory: From the Beginning to the Classical Age,Alex Knodell
HIST,The History of American School Reform,Jeff Snyder
IDSC,Student Conversations about Diversity and Community,Adriana Estill
IDSC,Student Conversations about Diversity and Community,Adriana Estill
IDSC,Student Conversations about Diversity and Community,Adriana Estill
IDSC,Student Conversations about Diversity and Community,Adriana Estill
IDSC,Hacking the Humanities,Austin Mason
IDSC,Focus Colloquium,Sam Patterson
IDSC,MMUF Research Seminar,William North
IDSC,Public Health in Practice,Debby Walser-Kuntz
IDSC,Windows on the Good Life,"Laurence Cooper, Alan Rubenstein"
IDSC,Windows on the Good Life,"Laurence Cooper, Alan Rubenstein"
IDSC,Focus Sophomore Colloquium,Deborah Gross
JAPN,Elementary Japanese,"Noboru Tomonari, Mariko Kaga"
JAPN,Elementary Japanese,"Mariko Kaga, Noboru Tomonari"
JAPN,Intermediate Japanese,Kathryn Sparling
JAPN,World of Japanese Manga in Translation,Noboru Tomonari
JAPN,Advanced Reading in Modern Japanese Literature: The Short Story,Kathryn Sparling
LATN,Intermediate Latin,Alex Knodell
LATN,Livy,Kathryn Steed
LTAM,Integrative Exercise,Andrew Fisher
LTAM,Cinema and Cultural Change in Chile and Argentina,Cecilia Cornejo
LTAM,Introduction to U.S. Latino/a Literature,Adriana Estill
LTAM,Latin American Politics,Alfred Montero
LTAM,"Mother Earth: Women, Development and the Environment",Constanza Ocampo-Raeder
LTAM,Introduction to Latin American Literature,Silvia Lopez
LTAM,Myth and History in Central American Literature,Yansi Perez
LTAM,Women Writers in Latin America: Body and Text,Becky Boling
LTAM,The Spanish Civil War,Jorge Brioso
LING,Introduction to Linguistics,Mike Flynn
LING,Generative Approaches to Syntax,Cherlon Ussery
LING,First Language Acquisition,Catherine Fortin
LING,Topics in Phonology,Ania Lubowicz
LING,Integrative Exercise,Staff
LING,Computability and Complexity,David Liben-Nowell
LING,Logic,Douglas Marshall
LCST,"Introduction to Critical Methods: Structure, Gender, Culture",Scott Carpenter
MATH,Introduction to Calculus,Allison Tanguay
MATH,Calculus II,Tommy Occhipinti
MATH,Calculus II,Allison Tanguay
MATH,A Tour of Mathematics,Staff
MATH,Introduction to Multivariable Calculus,Rafe Jones
MATH,Introduction to Multivariable Calculus,Deanna Haunsperger
MATH,Introduction to Multivariable Calculus,Deanna Haunsperger
MATH,Introduction to Statistics,Katie St. Clair
MATH,Introduction to Statistics,Dave Watson
MATH,Linear Algebra,Eric Egge
MATH,Linear Algebra,Rafe Jones
MATH,Linear Algebra,Gail Nelson
MATH,Mathematical Structures,Helen Wong
MATH,Ordinary Differential Equations,Mark Krusemeyer
MATH,Applied Regression Analysis,Laura Chihara
MATH,Chaotic Dynamics,Sam Patterson
MATH,Introduction to Statistical Inference,Katie St. Clair
MATH,Introduction to Statistical Inference,Dave Watson
MATH,Statistical Consulting,Laura Chihara
MATH,Real Analysis II,Gail Nelson
MATH,Abstract Algebra I,Eric Egge
MATH,Senior Seminar in Knot Theory,Helen Wong
MATH,Integrative Exercise,Deanna Haunsperger
MATH,Integrative Exercise,Tommy Occhipinti
MATH,Integrative Exercise,Sam Patterson
MATH,Integrative Exercise,Katie St. Clair
MATH,Integrative Exercise,Allison Tanguay
MATH,Integrative Exercise,Dave Watson
MATH,Integrative Exercise,Gail Nelson
MARS,Introduction to Art History II,"Baird Jarman, Jessica Keating"
MARS,Shakespeare I,Pierre Hecker
MARS,Christopher Marlowe,Pierre Hecker
MARS,Revenge Tragedy,Pierre Hecker
MARS,Shakespeare I,Pierre Hecker
MARS,"Crisis, Creativity, and Transformation in Late Antiquity",William North
MARS,The Peasants are Revolting! Society and Politics in the Making of Modern France,Susannah Ottaway
MARS,Livy,Kathryn Steed
MARS,Nietzsche: Beyond Good and Evil*,Laurence Cooper
MARS,Introduction to Islam,Noah Salomon
MUSC,America's Music,Melinda Russell
MUSC,Introduction to Conducting,Hector Valdivia
MUSC,Music Theory II,Justin London
MUSC,Baroque and Classical Music,Lawrence Archbold
MUSC,Composition Studio,Jeff Trevino
MUSC,Integrative Exercise,Lawrence Archbold
MUSC,Piano,"Staff, Nikki Melville"
MUSC,Piano,Nikki Melville
MUSC,Piano,Loren Fishman
MUSC,Piano,Matthew McCright
MUSC,Piano,Marcia Widman
MUSC,Piano (Juried),"Staff, Nikki Melville"
MUSC,Piano (Juried),Nikki Melville
MUSC,Piano (Juried),Loren Fishman
MUSC,Piano (Juried),Matthew McCright
MUSC,Piano (Juried),Marcia Widman
MUSC,Voice,"Staff, Lawrence Burnett"
MUSC,Voice,Lawrence Burnett
MUSC,Voice,Ben Allen
MUSC,Voice,Patricia Kent
MUSC,Voice,Mary Martz
MUSC,Voice,Rick Penning
MUSC,Voice (Juried),"Staff, Lawrence Burnett"
MUSC,Voice (Juried),Lawrence Burnett
MUSC,Voice (Juried),Ben Allen
MUSC,Voice (Juried),Patricia Kent
MUSC,Voice (Juried),Mary Martz
MUSC,Voice (Juried),Rick Penning
MUSC,Guitar,Mark Kreitzer
MUSC,Guitar (Juried),Mark Kreitzer
MUSC,Violin,"Staff, Hector Valdivia"
MUSC,Violin,Hector Valdivia
MUSC,Violin,Liz Ericksen
MUSC,Violin,Mary Horozaniecki
MUSC,Violin (Juried),"Staff, Hector Valdivia"
MUSC,Violin (Juried),Hector Valdivia
MUSC,Violin (Juried),Liz Ericksen
MUSC,Violin (Juried),Mary Horozaniecki
MUSC,Viola,"Staff, Hector Valdivia"
MUSC,Viola,Hector Valdivia
MUSC,Viola,Liz Ericksen
MUSC,Viola,Mary Horozaniecki
MUSC,Viola (Juried),"Staff, Hector Valdivia"
MUSC,Viola (Juried),Hector Valdivia
MUSC,Viola (Juried),Liz Ericksen
MUSC,Viola (Juried),Mary Horozaniecki
MUSC,Cello,"Thomas Rosenberg, Zachery Pelletier"
MUSC,Cello (Juried),"Thomas Rosenberg, Zachery Pelletier"
MUSC,Classical String Bass,Connie Martin
MUSC,Classical String Bass (Juried),Connie Martin
MUSC,Flute,Martha Jamsa
MUSC,Flute (Juried),Martha Jamsa
MUSC,Oboe,Merilee Klemp
MUSC,English Horn,Merilee Klemp
MUSC,Oboe (Juried),Merilee Klemp
MUSC,English Horn (Juried),Merilee Klemp
MUSC,Clarinet,Nina Olsen
MUSC,Clarinet (Juried),Nina Olsen
MUSC,Saxophone,Greg Keel
MUSC,Saxophone (Juried),Greg Keel
MUSC,Bassoon,Ann Pesavento
MUSC,Bassoon (Juried),Ann Pesavento
MUSC,French Horn,Gwen Anderson
MUSC,French Horn (Juried),Gwen Anderson
MUSC,Trumpet,Lynn Deichert
MUSC,Trumpet (Juried),Lynn Deichert
MUSC,Trombone,Ronald Rodman
MUSC,Euphonium,Ronald Rodman
MUSC,Trombone (Juried),Ronald Rodman
MUSC,Euphonium (Juried),Ronald Rodman
MUSC,Tuba,Ronald Rodman
MUSC,Tuba (Juried),Ronald Rodman
MUSC,Orchestral Percussion,Jay Johnson
MUSC,Orchestral Percussion (Juried),Jay Johnson
MUSC,Harp,Elinor Niemisto
MUSC,Harp (Juried),Elinor Niemisto
MUSC,Harpsichord,Janean Hall
MUSC,Harpsicord (Juried),Janean Hall
MUSC,Organ,Janean Hall
MUSC,Organ (Juried),Janean Hall
MUSC,Recorder,Mark Krusemeyer
MUSC,Recorder (Juried),Mark Krusemeyer
MUSC,Jazz Piano,Laura Caviani
MUSC,Jazz Piano (Juried),Laura Caviani
MUSC,Electric &amp; Acoustic Bass,Travis Schilling
MUSC,Electric &amp; Acoustic Bass (Juried),Travis Schilling
MUSC,Jazz and Blues Guitar,Zacc Harris
MUSC,Jazz and Blues Guitar (Juried),Zacc Harris
MUSC,Drum Set Instruction,Jay Johnson
MUSC,Drum Set Instruction (Juried),Jay Johnson
MUSC,Jazz Improvisation,Staff
MUSC,Jazz Improvisation (Juried),Staff
MUSC,Raga: Vocal or Instrumental Study of Hindustani Music,David Whetstone
MUSC,Raga: Vocal or Instrumental Study of Hindustani Music,David Whetstone
MUSC,Sitar,David Whetstone
MUSC,Sitar (Juried),David Whetstone
MUSC,Chinese Musical Instruments,Gao Hong
MUSC,Chinese Musical Instruments (Juried),Gao Hong
MUSC,Ethnic Drumming Instruction,Jay Johnson
MUSC,Ethnic Drumming Instruction (Juried),Jay Johnson
MUSC,American Folk Instruments,Mark Kreitzer
MUSC,American Folk Instruments (Juried),Mark Kreitzer
MUSC,Class Guitar,Mark Kreitzer
MUSC,African Drum Class,Jay Johnson
MUSC,Piano,"Staff, Nikki Melville"
MUSC,Piano,Nikki Melville
MUSC,Piano,Loren Fishman
MUSC,Piano,Matthew McCright
MUSC,Piano,Marcia Widman
MUSC,Piano (Juried),"Staff, Nikki Melville"
MUSC,Piano (Juried),Nikki Melville
MUSC,Piano (Juried),Loren Fishman
MUSC,Piano (Juried),Matthew McCright
MUSC,Piano (Juried),Marcia Widman
MUSC,Voice,"Staff, Lawrence Burnett"
MUSC,Voice,Lawrence Burnett
MUSC,Voice,Ben Allen
MUSC,Voice,Patricia Kent
MUSC,Voice,Mary Martz
MUSC,Voice,Rick Penning
MUSC,Voice (Juried),"Staff, Lawrence Burnett"
MUSC,Voice (Juried),Lawrence Burnett
MUSC,Voice (Juried),Ben Allen
MUSC,Voice (Juried),Patricia Kent
MUSC,Voice (Juried),Mary Martz
MUSC,Voice (Juried),Rick Penning
MUSC,Guitar,Mark Kreitzer
MUSC,Guitar (Juried),Mark Kreitzer
MUSC,Violin,"Staff, Hector Valdivia"
MUSC,Violin,Hector Valdivia
MUSC,Violin,Liz Ericksen
MUSC,Violin,Mary Horozaniecki
MUSC,Violin (Juried),"Staff, Hector Valdivia"
MUSC,Violin (Juried),Hector Valdivia
MUSC,Violin (Juried),Liz Ericksen
MUSC,Violin (Juried),Mary Horozaniecki
MUSC,Viola,"Staff, Hector Valdivia"
MUSC,Viola,Hector Valdivia
MUSC,Viola,Liz Ericksen
MUSC,Viola,Mary Horozaniecki
MUSC,Viola (Juried),"Staff, Hector Valdivia"
MUSC,Viola (Juried),Hector Valdivia
MUSC,Viola (Juried),Liz Ericksen
MUSC,Viola (Juried),Mary Horozaniecki
MUSC,Cello,"Thomas Rosenberg, Zachery Pelletier"
MUSC,Cello (Juried),"Thomas Rosenberg, Zachery Pelletier"
MUSC,Classical String Bass,Connie Martin
MUSC,Classical String Bass (Juried),Connie Martin
MUSC,Flute,Martha Jamsa
MUSC,Flute (Juried),Martha Jamsa
MUSC,Oboe,Merilee Klemp
MUSC,English Horn,Merilee Klemp
MUSC,Oboe (Juried),Merilee Klemp
MUSC,English Horn (Juried),Merilee Klemp
MUSC,Clarinet,Nina Olsen
MUSC,Clarinet (Juried),Nina Olsen
MUSC,Saxophone,Greg Keel
MUSC,Saxophone (Juried),Greg Keel
MUSC,Bassoon,Ann Pesavento
MUSC,Bassoon (Juried),Ann Pesavento
MUSC,French Horn,Gwen Anderson
MUSC,French Horn (Juried),Gwen Anderson
MUSC,Trumpet,Lynn Deichert
MUSC,Trumpet (Juried),Lynn Deichert
MUSC,Trombone,Ronald Rodman
MUSC,Euphonium,Ronald Rodman
MUSC,Trombone (Juried),Ronald Rodman
MUSC,Euphonium (Juried),Ronald Rodman
MUSC,Tuba,Ronald Rodman
MUSC,Tuba (Juried),Ronald Rodman
MUSC,Orchestral Percussion,Jay Johnson
MUSC,Orchestral Percussion (Juried),Jay Johnson
MUSC,Harp,Elinor Niemisto
MUSC,Harp (Juried),Elinor Niemisto
MUSC,Harpsichord,Janean Hall
MUSC,Harpsicord (Juried),Janean Hall
MUSC,Organ,Janean Hall
MUSC,Organ (Juried),Janean Hall
MUSC,Recorder,Mark Krusemeyer
MUSC,Recorder (Juried),Mark Krusemeyer
MUSC,Jazz Piano,Laura Caviani
MUSC,Jazz Piano (Juried),Laura Caviani
MUSC,Electric &amp; Acoustic Bass,Travis Schilling
MUSC,Electric &amp; Acoustic Bass (Juried),Travis Schilling
MUSC,Jazz and Blues Guitar,Staff
MUSC,Jazz &amp; Blues Guitar (Juried),Staff
MUSC,Drum Set Instruction,Jay Johnson
MUSC,Drum Set Instruction (Juried),Jay Johnson
MUSC,Jazz Improvisation,Staff
MUSC,Jazz Improvisation (Juried),Staff
MUSC,Raga: Vocal or Instrumental Study of Hindustani Music,David Whetstone
MUSC,Raga:Voc/Instr Study Hindustani (Juried),David Whetstone
MUSC,Sitar,David Whetstone
MUSC,Sitar (Juried),David Whetstone
MUSC,Chinese Musical Instruments,Gao Hong
MUSC,Chinese Musical Instruments (Juried),Gao Hong
MUSC,Ethnic Drumming Instruction,Jay Johnson
MUSC,Ethnic Drumming Instruction (Juried),Jay Johnson
MUSC,American Folk Instruments,Mark Kreitzer
MUSC,American Folk Instrument (Juried),Mark Kreitzer
MUSC,Composition (Juried),Jeff Trevino
MUSC,Composition (Juried),Jeff Trevino
MUSC,Recital,Staff
MUSC,Carleton Choir: Bella Cantemus and Men's Chorus,Lawrence Burnett
MUSC,Carleton Choir: Bella Cantemus and Men's Chorus,Lawrence Burnett
MUSC,Carleton Singers,Lawrence Burnett
MUSC,Carleton Orchestra,Hector Valdivia
MUSC,Carleton Chinese Music Ensemble,Gao Hong
MUSC,Carleton Symphony Band,Ronald Rodman
MUSC,Carleton Jazz Ensemble,Laura Caviani
MUSC,West African Drum Ensemble,Jay Johnson
MUSC,Chamber Music,"Nikki Melville, Staff"
MUSC,Opera Workshop,"Lawrence Burnett, Ben Allen"
NEUR,"Genes, Evolution, and Development","Mark McKone, Stephan Zweifel"
NEUR,Genes &amp; Evolution Lab,Jalean Petricka
NEUR,Genes &amp; Evolution Lab,Stephan Zweifel
NEUR,Genes &amp; Evolution Lab,Stephan Zweifel
NEUR,Genes &amp; Evolution Lab,Sarah Deel
NEUR,Genes &amp; Evolution Lab,Sarah Deel
NEUR,Energy Flow in Biological Systems,"Raka Mitra, David Hougen-Eitzman"
NEUR,Genetics,Jennifer Wolff
NEUR,Computability and Complexity,David Liben-Nowell
NEUR,Artificial Intelligence,Anna Rafferty
NEUR,Sensation and Perception,Julia Strand
NEUR,Laboratory Research Methods in Sensation and Perception,Julia Strand
NEUR,Laboratory Research Methods in Sensation and Perception,Julia Strand
NEUR,Sleep and Dreaming,Lawrence Wichlinski
NEUR,Cognitive Neuroscience,Julie Neiworth
PHIL,"Skepticism, God, and Ethical Dilemmas",Douglas Marshall
PHIL,Life and Death,Daniel Groll
PHIL,Logic,Douglas Marshall
PHIL,Analytic Philosophy's Greatest Hits,Jason Decker
PHIL,"Tragedy, Myth and Philosophy","Sarah Jansen, Clara Hardy"
PHIL,Existentialism,Anna Moltchanova
PHIL,Senior Thesis,Daniel Groll
PE,Aerobics,Nancy Stuckmayer
PE,"Aikido, Intermediate",Staff
PE,"Aikido, Beginning",Staff
PE,"Aikido, Advanced",Staff
PE,"Badminton, Beginning",Amy Erickson
PE,"Badminton, Intermediate",Amy Erickson
PE,Ballet I,Jennifer Bader
PE,Ballet II,Jennifer Bader
PE,Fundamentals of Baseball,Aaron Rushing
PE,"Basketball, Three on Three",Guy Kalland
PE,Fitness for the Athlete,Jocelyn Keller
PE,Folk Dance,Staff
PE,"Ice Hockey, Intermediate",Staff
PE,"Ice Hockey, Intermediate",Staff
PE,"Ice Skating, Beginning",Staff
PE,"Ice Skating, Intermediate",Staff
PE,Independent Activities,Fred Hagstrom
PE,Indoor Soccer,Bob Carlson
PE,Intramural Sports,Bob Carlson
PE,Karate,Bob Dobrow
PE,Modern Dance I,Daphne McCoy
PE,Modern Dance II,Daphne McCoy
PE,Contact Improvisation,Jane Shockley
PE,Modern Dance III,Jane Shockley
PE,Rock Climbing,Amy Erickson
PE,Rock Climbing,Amy Erickson
PE,Rock Climbing,Amy Erickson
PE,Women's Health &amp; Fitness,Jocelyn Keller
PE,Social Dance I,Staff
PE,Social Dance II,Staff
PE,"Social Dance, Winter Ball",Staff
PE,Step Aerobics,Russ Petricka
PE,"Swimming, Fitness",Andy Clark
PE,"Swimming, Instructional",Brooke Plotz
PE,Swing Dance,Staff
PE,Tae Kwon Do,Staff
PE,Table Tennis,Bob Pagel
PE,Winter Sport Fitness,Bob Carlson
PE,Yoga,Kris Layman
PE,Yoga,Kris Layman
PE,"Basketball Intercollegiate, Men",Guy Kalland
PE,"Basketball Intercollegiate, Women",Cassie Kosiba
PE,Competitive Dance Club,Aaron Chaput
PE,"Ultimate Frisbee Club, Syzygy and Eclipse",Aaron Chaput
PE,"Ice Hockey Club, Men",Aaron Chaput
PE,"Ice Hockey Club, Women",Aaron Chaput
PE,Nordic Ski Club,Aaron Chaput
PE,Alpine Ski Club,Aaron Chaput
PE,"Swimming/Diving Intercollegiate, Men",Andy Clark
PE,"Swimming/Diving Intercollegiate, Women",Andy Clark
PE,Synchro Swim Club,Aaron Chaput
PE,"Track and Field/Indoor Intercollegiate, Men",Dave Ricks
PE,"Track and Field/Indoor Intercollegiate, Women",Donna Ricks
PE,"Volleyball Club, Men",Aaron Chaput
PE,Principles of Athletic Training,Chad Alladin
PE,Methods: Principles and Philosophy of Coaching,Aaron Rushing
PE,The Spanish Civil War,Jorge Brioso
PHYS,Introduction to Physics: Newtonian Mechanics,Eric Hazlett
PHYS,Newtonian Mechanics Lab,Eric Hazlett
PHYS,Introduction to Physics: Gravity and the Cosmos,Joel Weisberg
PHYS,Gravity and the Cosmos Lab,Joel Weisberg
PHYS,Gravity and the Cosmos Lab,Joel Weisberg
PHYS,Introduction to Physics: Relativity and Particles,Nelson Christensen
PHYS,Introduction to Physics: Relativity and Particles,Eric Hazlett
PHYS,Relativity and Particles Lab,Eric Hazlett
PHYS,Relativity and Particles Lab,Nelson Christensen
PHYS,Relativity and Particles Lab,Nelson Christensen
PHYS,"Introduction to Electricity, Magnetism, and Optics",Marty Baylor
PHYS,"Intro Elect, Magnet, Optic Lab",Marty Baylor
PHYS,"Intro Elect, Magnet, Optic Lab",Marty Baylor
PHYS,Analytical Mechanics,Bill Titus
PHYS,Computational Mechanics,Bill Titus
PHYS,Quantum Mechanics,Arjendu Pattanayak
PHYS,Integrative Exercise,Marty Baylor
PHYS,Integrative Exercise,Cindy Blaha
PHYS,Integrative Exercise,Nelson Christensen
PHYS,Integrative Exercise,Melissa Eblen-Zayas
PHYS,Integrative Exercise,Arjendu Pattanayak
PHYS,Integrative Exercise,Bill Titus
PHYS,Integrative Exercise,Eric Hazlett
PHYS,Integrative Exercise,Joel Weisberg
POSC,Comparative Political Regimes,Dev Gupta
POSC,Politics in America: Liberty and Equality,Steven Schier
POSC,Political Philosophy,Mihaela Czobor-Lupp
POSC,International Relations and World Politics,Hicham Bou Nassif
POSC,Environment and the Evolution of Rules: Designing Institutions to Solve Political Problems,Barbara Allen
POSC,Environmental Justice,Kimberly Smith
POSC,Latin American Politics,Alfred Montero
POSC,Methods of Political Research,Greg Marfleet
POSC,American Foreign Policy,Steven Schier
POSC,Contemporary Politics of the Middle East (1918-1967),Hicham Bou Nassif
POSC,Nietzsche: Beyond Good and Evil,Laurence Cooper
POSC,"Capitalist Crises, Power, and Policy",Kent Freeze
POSC,Urban Political Economy,Richard Keiser
POSC,Memory and Politics,Mihaela Czobor-Lupp
POSC,The Complexity of Politics*,Greg Marfleet
POSC,Nietzsche: Beyond Good and Evil*,Laurence Cooper
POSC,Urban Political Economy*,Richard Keiser
POSC,Political Economy &amp; Ecology of Southeast Asia: Social Changes in Southeast Asia,Tun Myint
POSC,Political Econ &amp; Ecology of S.E. Asia: Diversity of Social Ecological Systems in Southeast Asia,Tun Myint
POSC,Political Economy &amp; Ecology of Southeast Asia: Field Research Experiences and Methods,Tun Myint
POSC,Integrative Exercise,Steven Schier
POSC,Integrative Exercise,Richard Keiser
POSC,Integrative Exercise,Alfred Montero
POSC,Integrative Exercise,Tun Myint
POSC,Integrative Exercise,Barbara Allen
POSC,Integrative Exercise,Laurence Cooper
POSC,Integrative Exercise,Kimberly Smith
POSC,Integrative Exercise,Kent Freeze
POSC,Integrative Exercise,Dev Gupta
POSC,Integrative Exercise,Greg Marfleet
POSC,Integrative Exercise,Mihaela Czobor-Lupp
PSYC,Principles of Psychology,"Julie Neiworth, Andrea Robinson"
PSYC,Principles of Psychology,Adam Johnson
PSYC,Measurement and Data Analysis in Psychology,Ken Abrams
PSYC,Measurement and Data Analysis Lab,Ken Abrams
PSYC,Measurement and Data Analysis Lab,Ken Abrams
PSYC,Sensation and Perception,Julia Strand
PSYC,Laboratory Research Methods in Sensation and Perception,Julia Strand
PSYC,Laboratory Research Methods in Sensation and Perception,Julia Strand
PSYC,Interpersonal Relationships,Adam Johnson
PSYC,Sleep and Dreaming,Lawrence Wichlinski
PSYC,Cognitive Neuroscience,Julie Neiworth
PSYC,Neural Plasticity,Andrea Robinson
PSYC,Psychology of Prejudice,Sharon Akimoto
PSYC,Integrative Exercise,Ken Abrams
PSYC,Integrative Exercise,Sharon Akimoto
PSYC,Integrative Exercise,Steven Kozberg
PSYC,Integrative Exercise,Sarah Meerts
PSYC,Integrative Exercise,Julie Neiworth
PSYC,Integrative Exercise,Julia Strand
PSYC,Integrative Exercise,Mija Van Der Wege
PSYC,Integrative Exercise,Lawrence Wichlinski
PSYC,Integrative Exercise,Andrea Robinson
PSYC,Integrative Exercise,Adam Johnson
PSYC,Integrative Exercise,Susan Marino
PSYC,Integrative Exercise,Kathleen Galotti
PSYC,"Thinking, Reasoning, and Decision Making: Experimental Approaches",Kathleen Galotti
PSYC,Seminar in Developmental Psychology: Cognitive Development During the Preschool Years,Kathleen Galotti
RELG,Understanding Religion,Asuka Sango
RELG,Introduction to Christianity,Kristin Bloomer
RELG,Introduction to Islam,Noah Salomon
RELG,Making Meaning of the Hebrew Bible,Shana Sippy
RELG,Native American Religious Freedom,Michael McNally
RELG,"Tantra: Secrecy, Sex, and the Sublime",Roger Jackson
RELG,Pessimism and the Affirmation of Existence,Kevin Wolfe
RELG,Samurai: Ethics of Death and Loyalty,Asuka Sango
RELG,Theories and Methods in the Study of Religion,Michael McNally
RELG,Spirit Possession,Kristin Bloomer
RELG,Senior Research Seminar,Lori Pearson
RUSS,Elementary Russian,"Laura Goering, Anna Dotlibova"
RUSS,Elementary Russian,"Laura Goering, Anna Dotlibova"
RUSS,Russian Practicum,Anna Dotlibova
RUSS,The Rise of the Russian Novel,Laura Goering
RUSS,Integrative Exercise,Staff
SOAN,Introduction to Anthropology,Constanza Ocampo-Raeder
SOAN,Introduction to Sociology,Brian Fuller
SOAN,Modern Families: An Introduction to the Sociology of the Family,Liz Raleigh
SOAN,"Capitalism, Consumption, and Culture",Brian Fuller
SOAN,Social Movements,Daniel Williams
SOAN,Anthropology of Health and Illness,Pamela Feldman-Savelsberg
SOAN,Race and Ethnicity in the United States,Liz Raleigh
SOAN,Immigration and Immigrants in Europe and the United States,Daniel Williams
SOAN,The Ethics of Civic Engagement,Adrienne Falcon
SOAN,"Mother Earth: Women, Development and the Environment",Constanza Ocampo-Raeder
SOAN,Anthropological Thought and Theory,Jay Levi
SOAN,Integrative Exercise,Jay Levi
SOAN,Integrative Exercise,Liz Raleigh
SOAN,Integrative Exercise,Constanza Ocampo-Raeder
SOAN,Integrative Exercise,Meera Sehgal
SOAN,Integrative Exercise,Pamela Feldman-Savelsberg
SOAN,Biodiversity Conservation and Development,Tsegaye Nega
SPAN,Elementary Spanish,Linda Burdell
SPAN,Elementary Spanish,Linda Burdell
SPAN,Elementary Spanish,Yansi Perez
SPAN,Elementary Spanish,Palmar Alvarez-Blanco
SPAN,Elementary Spanish,Silvia Lopez
SPAN,Elementary Spanish,Fernando Contreras
SPAN,Elementary Spanish,Fernando Contreras
SPAN,Intermediate Spanish,Becky Boling
SPAN,Conversation and Composition,Jorge Brioso
SPAN,Conversation and Composition,Humberto Huergo
SPAN,Coffee and News,Jorge Brioso
SPAN,Introduction to Latin American Literature,Silvia Lopez
SPAN,Myth and History in Central American Literature,Yansi Perez
SPAN,Women Writers in Latin America: Body and Text,Becky Boling
SPAN,The Spanish Civil War,Jorge Brioso
SPAN,Integrative Exercise,Staff
COGSC,Integrative Exercise,Kathleen Galotti
DANCE,Integrative Exercise,Judith Howard
ARTS,Observational Drawing,Daniel Bruggeman
ARTS,Observational Drawing,Eleanor Jensen
ARTS,Introduction to Sculpture,Stephen Mohring
ARTS,Critical Studies in Public Space with N55,Ross Elfline
ARTS,Life Drawing,Daniel Bruggeman
ARTS,Studio Art Seminar in the South Pacific: Mixed-Media Drawing,Fred Hagstrom
ARTS,Photography I,Linda Rossi
ARTS,Painting,David Lefkowitz
ARTS,Printmaking,Fred Hagstrom
ARTS,Studio Art Seminar in th South Pacific: The Physical and Cultural Environment,Fred Hagstrom
ARTS,Advanced Photo: Digital Imaging,Linda Rossi
ARTS,Integrative Exercise,Staff
THEA,The Speaking Voice,David Wiles
THEA,Carleton Players Production,Staff
THEA,Theater History and Theory,Roger Bechtel
THEA,Topics in Theater: Costume Design,Mary Ann Kelling
THEA,Live Performance and Digital Media,Roger Bechtel
THEA,Integrative Exercise,Roger Bechtel
THEA,Contact Improvisation,Jane Shockley
THEA,Movement for the Performer,Jane Shockley
THEA,The Body as Choreographer,Judith Howard
THEA,Shakespeare I,Pierre Hecker
THEA,Christopher Marlowe,Pierre Hecker
THEA,Revenge Tragedy,Pierre Hecker
THEA,Shakespeare I,Pierre Hecker
WGST,Introduction to Women's and Gender Studies,Annette Igra
WGST,Transnational Feminist Activism,Meera Sehgal
WGST,Integrative Exercise,Staff
WGST,Human Reproduction and Sexuality,Matt Rand
WGST,The Rise of the Novel,Jessica Leiman
WGST,African in the Arab World,Thabiti Willis
WGST,Making Meaning of the Hebrew Bible,Shana Sippy
WGST,Spirit Possession,Kristin Bloomer
WGST,Modern Families: An Introduction to the Sociology of the Family,Liz Raleigh
WGST,"Mother Earth: Women, Development and the Environment",Constanza Ocampo-Raeder
WGST,Women Writers in Latin America: Body and Text,Becky Boling
